sentence,event1,event2,signal,Doc name,Doc ID ,negated_
reported,made,make,2010.01.18.uk.israel.livni.tml,2010.01.18.uk.israel.livni,"Details of the warrant were never made public ; the warrant was reportedly later dropped."""
reported,dropped,make,2010.01.18.uk.israel.livni.tml,2010.01.18.uk.israel.livni,"Details of the warrant were never made public ; the warrant was reportedly later dropped."""
made,dropped,make,2010.01.18.uk.israel.livni.tml,2010.01.18.uk.israel.livni,"Details of the warrant were never made public ; the warrant was reportedly later dropped."""
needed,go,by ,2010.01.18.uk.israel.livni.tml,2010.01.18.uk.israel.livni,"But Livni, who is no longer in the Israeli government, defended the former government's decision to go to war, saying that the campaign was needed to confront rocket attacks by Palestinian movement Hamas on Israeli civilians, particularly those living in southern Israel."""
needed,saying,by ,2010.01.18.uk.israel.livni.tml,2010.01.18.uk.israel.livni,"But Livni, who is no longer in the Israeli government, defended the former government's decision to go to war, saying that the campaign was needed to confront rocket attacks by Palestinian movement Hamas on Israeli civilians, particularly those living in southern Israel."""
needed,ended,by ,2010.01.18.uk.israel.livni.tml,2010.01.18.uk.israel.livni,"But Livni, who is no longer in the Israeli government, defended the former government's decision to go to war, saying that the campaign was needed to confront rocket attacks by Palestinian movement Hamas on Israeli civilians, particularly those living in southern Israel."""
needed,defend,by ,2010.01.18.uk.israel.livni.tml,2010.01.18.uk.israel.livni,"But Livni, who is no longer in the Israeli government, defended the former government's decision to go to war, saying that the campaign was needed to confront rocket attacks by Palestinian movement Hamas on Israeli civilians, particularly those living in southern Israel."""
needed,defended,by ,2010.01.18.uk.israel.livni.tml,2010.01.18.uk.israel.livni,"But Livni, who is no longer in the Israeli government, defended the former government's decision to go to war, saying that the campaign was needed to confront rocket attacks by Palestinian movement Hamas on Israeli civilians, particularly those living in southern Israel."""
needed,say,by ,2010.01.18.uk.israel.livni.tml,2010.01.18.uk.israel.livni,"But Livni, who is no longer in the Israeli government, defended the former government's decision to go to war, saying that the campaign was needed to confront rocket attacks by Palestinian movement Hamas on Israeli civilians, particularly those living in southern Israel."""
go,saying,by ,2010.01.18.uk.israel.livni.tml,2010.01.18.uk.israel.livni,"But Livni, who is no longer in the Israeli government, defended the former government's decision to go to war, saying that the campaign was needed to confront rocket attacks by Palestinian movement Hamas on Israeli civilians, particularly those living in southern Israel."""
go,ended,by ,2010.01.18.uk.israel.livni.tml,2010.01.18.uk.israel.livni,"But Livni, who is no longer in the Israeli government, defended the former government's decision to go to war, saying that the campaign was needed to confront rocket attacks by Palestinian movement Hamas on Israeli civilians, particularly those living in southern Israel."""
go,defend,by ,2010.01.18.uk.israel.livni.tml,2010.01.18.uk.israel.livni,"But Livni, who is no longer in the Israeli government, defended the former government's decision to go to war, saying that the campaign was needed to confront rocket attacks by Palestinian movement Hamas on Israeli civilians, particularly those living in southern Israel."""
go,defended,by ,2010.01.18.uk.israel.livni.tml,2010.01.18.uk.israel.livni,"But Livni, who is no longer in the Israeli government, defended the former government's decision to go to war, saying that the campaign was needed to confront rocket attacks by Palestinian movement Hamas on Israeli civilians, particularly those living in southern Israel."""
go,say,by ,2010.01.18.uk.israel.livni.tml,2010.01.18.uk.israel.livni,"But Livni, who is no longer in the Israeli government, defended the former government's decision to go to war, saying that the campaign was needed to confront rocket attacks by Palestinian movement Hamas on Israeli civilians, particularly those living in southern Israel."""
saying,ended,by ,2010.01.18.uk.israel.livni.tml,2010.01.18.uk.israel.livni,"But Livni, who is no longer in the Israeli government, defended the former government's decision to go to war, saying that the campaign was needed to confront rocket attacks by Palestinian movement Hamas on Israeli civilians, particularly those living in southern Israel."""
saying,defend,by ,2010.01.18.uk.israel.livni.tml,2010.01.18.uk.israel.livni,"But Livni, who is no longer in the Israeli government, defended the former government's decision to go to war, saying that the campaign was needed to confront rocket attacks by Palestinian movement Hamas on Israeli civilians, particularly those living in southern Israel."""
saying,defended,by ,2010.01.18.uk.israel.livni.tml,2010.01.18.uk.israel.livni,"But Livni, who is no longer in the Israeli government, defended the former government's decision to go to war, saying that the campaign was needed to confront rocket attacks by Palestinian movement Hamas on Israeli civilians, particularly those living in southern Israel."""
saying,say,by ,2010.01.18.uk.israel.livni.tml,2010.01.18.uk.israel.livni,"But Livni, who is no longer in the Israeli government, defended the former government's decision to go to war, saying that the campaign was needed to confront rocket attacks by Palestinian movement Hamas on Israeli civilians, particularly those living in southern Israel."""
ended,defend,by ,2010.01.18.uk.israel.livni.tml,2010.01.18.uk.israel.livni,"But Livni, who is no longer in the Israeli government, defended the former government's decision to go to war, saying that the campaign was needed to confront rocket attacks by Palestinian movement Hamas on Israeli civilians, particularly those living in southern Israel."""
ended,defended,by ,2010.01.18.uk.israel.livni.tml,2010.01.18.uk.israel.livni,"But Livni, who is no longer in the Israeli government, defended the former government's decision to go to war, saying that the campaign was needed to confront rocket attacks by Palestinian movement Hamas on Israeli civilians, particularly those living in southern Israel."""
ended,say,by ,2010.01.18.uk.israel.livni.tml,2010.01.18.uk.israel.livni,"But Livni, who is no longer in the Israeli government, defended the former government's decision to go to war, saying that the campaign was needed to confront rocket attacks by Palestinian movement Hamas on Israeli civilians, particularly those living in southern Israel."""
defend,defended,by ,2010.01.18.uk.israel.livni.tml,2010.01.18.uk.israel.livni,"But Livni, who is no longer in the Israeli government, defended the former government's decision to go to war, saying that the campaign was needed to confront rocket attacks by Palestinian movement Hamas on Israeli civilians, particularly those living in southern Israel."""
defend,say,by ,2010.01.18.uk.israel.livni.tml,2010.01.18.uk.israel.livni,"But Livni, who is no longer in the Israeli government, defended the former government's decision to go to war, saying that the campaign was needed to confront rocket attacks by Palestinian movement Hamas on Israeli civilians, particularly those living in southern Israel."""
defended,say,by ,2010.01.18.uk.israel.livni.tml,2010.01.18.uk.israel.livni,"But Livni, who is no longer in the Israeli government, defended the former government's decision to go to war, saying that the campaign was needed to confront rocket attacks by Palestinian movement Hamas on Israeli civilians, particularly those living in southern Israel."""
needed,go,by,2010.01.18.uk.israel.livni.tml,2010.01.18.uk.israel.livni,"But Livni, who is no longer in the Israeli government, defended the former government's decision to go to war, saying that the campaign was needed to confront rocket attacks by Palestinian movement Hamas on Israeli civilians, particularly those living in southern Israel."""
needed,saying,by,2010.01.18.uk.israel.livni.tml,2010.01.18.uk.israel.livni,"But Livni, who is no longer in the Israeli government, defended the former government's decision to go to war, saying that the campaign was needed to confront rocket attacks by Palestinian movement Hamas on Israeli civilians, particularly those living in southern Israel."""
needed,ended,by,2010.01.18.uk.israel.livni.tml,2010.01.18.uk.israel.livni,"But Livni, who is no longer in the Israeli government, defended the former government's decision to go to war, saying that the campaign was needed to confront rocket attacks by Palestinian movement Hamas on Israeli civilians, particularly those living in southern Israel."""
needed,defend,by,2010.01.18.uk.israel.livni.tml,2010.01.18.uk.israel.livni,"But Livni, who is no longer in the Israeli government, defended the former government's decision to go to war, saying that the campaign was needed to confront rocket attacks by Palestinian movement Hamas on Israeli civilians, particularly those living in southern Israel."""
needed,defended,by,2010.01.18.uk.israel.livni.tml,2010.01.18.uk.israel.livni,"But Livni, who is no longer in the Israeli government, defended the former government's decision to go to war, saying that the campaign was needed to confront rocket attacks by Palestinian movement Hamas on Israeli civilians, particularly those living in southern Israel."""
needed,say,by,2010.01.18.uk.israel.livni.tml,2010.01.18.uk.israel.livni,"But Livni, who is no longer in the Israeli government, defended the former government's decision to go to war, saying that the campaign was needed to confront rocket attacks by Palestinian movement Hamas on Israeli civilians, particularly those living in southern Israel."""
go,saying,by,2010.01.18.uk.israel.livni.tml,2010.01.18.uk.israel.livni,"But Livni, who is no longer in the Israeli government, defended the former government's decision to go to war, saying that the campaign was needed to confront rocket attacks by Palestinian movement Hamas on Israeli civilians, particularly those living in southern Israel."""
go,ended,by,2010.01.18.uk.israel.livni.tml,2010.01.18.uk.israel.livni,"But Livni, who is no longer in the Israeli government, defended the former government's decision to go to war, saying that the campaign was needed to confront rocket attacks by Palestinian movement Hamas on Israeli civilians, particularly those living in southern Israel."""
go,defend,by,2010.01.18.uk.israel.livni.tml,2010.01.18.uk.israel.livni,"But Livni, who is no longer in the Israeli government, defended the former government's decision to go to war, saying that the campaign was needed to confront rocket attacks by Palestinian movement Hamas on Israeli civilians, particularly those living in southern Israel."""
go,defended,by,2010.01.18.uk.israel.livni.tml,2010.01.18.uk.israel.livni,"But Livni, who is no longer in the Israeli government, defended the former government's decision to go to war, saying that the campaign was needed to confront rocket attacks by Palestinian movement Hamas on Israeli civilians, particularly those living in southern Israel."""
go,say,by,2010.01.18.uk.israel.livni.tml,2010.01.18.uk.israel.livni,"But Livni, who is no longer in the Israeli government, defended the former government's decision to go to war, saying that the campaign was needed to confront rocket attacks by Palestinian movement Hamas on Israeli civilians, particularly those living in southern Israel."""
saying,ended,by,2010.01.18.uk.israel.livni.tml,2010.01.18.uk.israel.livni,"But Livni, who is no longer in the Israeli government, defended the former government's decision to go to war, saying that the campaign was needed to confront rocket attacks by Palestinian movement Hamas on Israeli civilians, particularly those living in southern Israel."""
saying,defend,by,2010.01.18.uk.israel.livni.tml,2010.01.18.uk.israel.livni,"But Livni, who is no longer in the Israeli government, defended the former government's decision to go to war, saying that the campaign was needed to confront rocket attacks by Palestinian movement Hamas on Israeli civilians, particularly those living in southern Israel."""
saying,defended,by,2010.01.18.uk.israel.livni.tml,2010.01.18.uk.israel.livni,"But Livni, who is no longer in the Israeli government, defended the former government's decision to go to war, saying that the campaign was needed to confront rocket attacks by Palestinian movement Hamas on Israeli civilians, particularly those living in southern Israel."""
saying,say,by,2010.01.18.uk.israel.livni.tml,2010.01.18.uk.israel.livni,"But Livni, who is no longer in the Israeli government, defended the former government's decision to go to war, saying that the campaign was needed to confront rocket attacks by Palestinian movement Hamas on Israeli civilians, particularly those living in southern Israel."""
ended,defend,by,2010.01.18.uk.israel.livni.tml,2010.01.18.uk.israel.livni,"But Livni, who is no longer in the Israeli government, defended the former government's decision to go to war, saying that the campaign was needed to confront rocket attacks by Palestinian movement Hamas on Israeli civilians, particularly those living in southern Israel."""
ended,defended,by,2010.01.18.uk.israel.livni.tml,2010.01.18.uk.israel.livni,"But Livni, who is no longer in the Israeli government, defended the former government's decision to go to war, saying that the campaign was needed to confront rocket attacks by Palestinian movement Hamas on Israeli civilians, particularly those living in southern Israel."""
ended,say,by,2010.01.18.uk.israel.livni.tml,2010.01.18.uk.israel.livni,"But Livni, who is no longer in the Israeli government, defended the former government's decision to go to war, saying that the campaign was needed to confront rocket attacks by Palestinian movement Hamas on Israeli civilians, particularly those living in southern Israel."""
defend,defended,by,2010.01.18.uk.israel.livni.tml,2010.01.18.uk.israel.livni,"But Livni, who is no longer in the Israeli government, defended the former government's decision to go to war, saying that the campaign was needed to confront rocket attacks by Palestinian movement Hamas on Israeli civilians, particularly those living in southern Israel."""
defend,say,by,2010.01.18.uk.israel.livni.tml,2010.01.18.uk.israel.livni,"But Livni, who is no longer in the Israeli government, defended the former government's decision to go to war, saying that the campaign was needed to confront rocket attacks by Palestinian movement Hamas on Israeli civilians, particularly those living in southern Israel."""
defended,say,by,2010.01.18.uk.israel.livni.tml,2010.01.18.uk.israel.livni,"But Livni, who is no longer in the Israeli government, defended the former government's decision to go to war, saying that the campaign was needed to confront rocket attacks by Palestinian movement Hamas on Israeli civilians, particularly those living in southern Israel."""
made,give,make,2010.01.18.uk.israel.livni.tml,2010.01.18.uk.israel.livni,"I know that the decisions that we made were crucial to give an answer to Israeli civilians that could n't live in the south part of Israel and later or even also in different parts of Israel, "" she said."""
made,said,make,2010.01.18.uk.israel.livni.tml,2010.01.18.uk.israel.livni,"I know that the decisions that we made were crucial to give an answer to Israeli civilians that could n't live in the south part of Israel and later or even also in different parts of Israel, "" she said."""
give,said,make,2010.01.18.uk.israel.livni.tml,2010.01.18.uk.israel.livni,"I know that the decisions that we made were crucial to give an answer to Israeli civilians that could n't live in the south part of Israel and later or even also in different parts of Israel, "" she said."""
traveled,helped,have,2010.01.18.uk.israel.livni.tml,2010.01.18.uk.israel.livni,"She said that the Israeli military had already conducted its own investigation into the actions of its soldiers, but that she did not necessarily support a public inquiry in Israel, unless it helped Israeli soldiers when they traveled outside Israel."""
traveled,conducted,have,2010.01.18.uk.israel.livni.tml,2010.01.18.uk.israel.livni,"She said that the Israeli military had already conducted its own investigation into the actions of its soldiers, but that she did not necessarily support a public inquiry in Israel, unless it helped Israeli soldiers when they traveled outside Israel."""
traveled,said,have,2010.01.18.uk.israel.livni.tml,2010.01.18.uk.israel.livni,"She said that the Israeli military had already conducted its own investigation into the actions of its soldiers, but that she did not necessarily support a public inquiry in Israel, unless it helped Israeli soldiers when they traveled outside Israel."""
helped,conducted,have,2010.01.18.uk.israel.livni.tml,2010.01.18.uk.israel.livni,"She said that the Israeli military had already conducted its own investigation into the actions of its soldiers, but that she did not necessarily support a public inquiry in Israel, unless it helped Israeli soldiers when they traveled outside Israel."""
helped,said,have,2010.01.18.uk.israel.livni.tml,2010.01.18.uk.israel.livni,"She said that the Israeli military had already conducted its own investigation into the actions of its soldiers, but that she did not necessarily support a public inquiry in Israel, unless it helped Israeli soldiers when they traveled outside Israel."""
conducted,said,have,2010.01.18.uk.israel.livni.tml,2010.01.18.uk.israel.livni,"She said that the Israeli military had already conducted its own investigation into the actions of its soldiers, but that she did not necessarily support a public inquiry in Israel, unless it helped Israeli soldiers when they traveled outside Israel."""
loved,knew,by,2010.02.05.sotu.crowley.column.tml,2010.02.05.sotu.crowley.column,"I did it like millions and millions of other parents who play the minute-by-minute juggling act : not perfectly, but I loved them above all else and did the best I knew how."
kill,working,from,2010.02.03.cross.quake.resistant.housing.tml,2010.02.03.cross.quake.resistant.housing,"But the important factor is that it's still ongoing, that we need to be there for the long run....What we were doing there was working with local NGOs [ non-governmental organizations ], particularly with Muslim Aid, to identify the most vulnerable members of the community who could most benefit from our architectural and design skills, and could n't afford to buy in their own construction expertise, and would be most marginalized and vulnerable in the future."
kill,need,from,2010.02.03.cross.quake.resistant.housing.tml,2010.02.03.cross.quake.resistant.housing,"But the important factor is that it's still ongoing, that we need to be there for the long run....What we were doing there was working with local NGOs [ non-governmental organizations ], particularly with Muslim Aid, to identify the most vulnerable members of the community who could most benefit from our architectural and design skills, and could n't afford to buy in their own construction expertise, and would be most marginalized and vulnerable in the future."
kill,afford,from,2010.02.03.cross.quake.resistant.housing.tml,2010.02.03.cross.quake.resistant.housing,"But the important factor is that it's still ongoing, that we need to be there for the long run....What we were doing there was working with local NGOs [ non-governmental organizations ], particularly with Muslim Aid, to identify the most vulnerable members of the community who could most benefit from our architectural and design skills, and could n't afford to buy in their own construction expertise, and would be most marginalized and vulnerable in the future."
working,need,from,2010.02.03.cross.quake.resistant.housing.tml,2010.02.03.cross.quake.resistant.housing,"But the important factor is that it's still ongoing, that we need to be there for the long run....What we were doing there was working with local NGOs [ non-governmental organizations ], particularly with Muslim Aid, to identify the most vulnerable members of the community who could most benefit from our architectural and design skills, and could n't afford to buy in their own construction expertise, and would be most marginalized and vulnerable in the future."
working,afford,from,2010.02.03.cross.quake.resistant.housing.tml,2010.02.03.cross.quake.resistant.housing,"But the important factor is that it's still ongoing, that we need to be there for the long run....What we were doing there was working with local NGOs [ non-governmental organizations ], particularly with Muslim Aid, to identify the most vulnerable members of the community who could most benefit from our architectural and design skills, and could n't afford to buy in their own construction expertise, and would be most marginalized and vulnerable in the future."
need,afford,from,2010.02.03.cross.quake.resistant.housing.tml,2010.02.03.cross.quake.resistant.housing,"But the important factor is that it's still ongoing, that we need to be there for the long run....What we were doing there was working with local NGOs [ non-governmental organizations ], particularly with Muslim Aid, to identify the most vulnerable members of the community who could most benefit from our architectural and design skills, and could n't afford to buy in their own construction expertise, and would be most marginalized and vulnerable in the future."
dissipated,build,generate,2010.02.03.cross.quake.resistant.housing.tml,2010.02.03.cross.quake.resistant.housing,"What that generates is a design which flexes when the earthquake strikes, the energy of the earthquake is dissipated through the many framing elements of the building, and the energy is lost in the friction between the timber and the stone infill....A concrete-block building which is n't able to flex is more apt to collapse...."
dissipated,lost,generate,2010.02.03.cross.quake.resistant.housing.tml,2010.02.03.cross.quake.resistant.housing,"What that generates is a design which flexes when the earthquake strikes, the energy of the earthquake is dissipated through the many framing elements of the building, and the energy is lost in the friction between the timber and the stone infill....A concrete-block building which is n't able to flex is more apt to collapse...."
build,lost,generate,2010.02.03.cross.quake.resistant.housing.tml,2010.02.03.cross.quake.resistant.housing,"What that generates is a design which flexes when the earthquake strikes, the energy of the earthquake is dissipated through the many framing elements of the building, and the energy is lost in the friction between the timber and the stone infill....A concrete-block building which is n't able to flex is more apt to collapse...."
happened,got,get,2010.01.13.mexico.human.traffic.drug.tml,2010.01.13.mexico.human.traffic.drug,"There's no trace of them and their mothers and families of these girls -- they have n't got a clue what's happened to them. """
happened,got,have,2010.01.13.mexico.human.traffic.drug.tml,2010.01.13.mexico.human.traffic.drug,"There's no trace of them and their mothers and families of these girls -- they have n't got a clue what's happened to them. """
say,told,as ,2010.01.13.mexico.human.traffic.drug.tml,2010.01.13.mexico.human.traffic.drug,"One of the men told me if you do n't do as I say I will do the same to you."""
say,told,as,2010.01.13.mexico.human.traffic.drug.tml,2010.01.13.mexico.human.traffic.drug,"One of the men told me if you do n't do as I say I will do the same to you."""
want,started,start,2010.01.13.mexico.human.traffic.drug.tml,2010.01.13.mexico.human.traffic.drug,He told me he wanted to see his mummy then I started crying and said'I do n't think you're ever going to see your mummy again.'
want,crying,start,2010.01.13.mexico.human.traffic.drug.tml,2010.01.13.mexico.human.traffic.drug,He told me he wanted to see his mummy then I started crying and said'I do n't think you're ever going to see your mummy again.'
want,told,start,2010.01.13.mexico.human.traffic.drug.tml,2010.01.13.mexico.human.traffic.drug,He told me he wanted to see his mummy then I started crying and said'I do n't think you're ever going to see your mummy again.'
want,said,start,2010.01.13.mexico.human.traffic.drug.tml,2010.01.13.mexico.human.traffic.drug,He told me he wanted to see his mummy then I started crying and said'I do n't think you're ever going to see your mummy again.'
want,wanted,start,2010.01.13.mexico.human.traffic.drug.tml,2010.01.13.mexico.human.traffic.drug,He told me he wanted to see his mummy then I started crying and said'I do n't think you're ever going to see your mummy again.'
started,crying,start,2010.01.13.mexico.human.traffic.drug.tml,2010.01.13.mexico.human.traffic.drug,He told me he wanted to see his mummy then I started crying and said'I do n't think you're ever going to see your mummy again.'
started,told,start,2010.01.13.mexico.human.traffic.drug.tml,2010.01.13.mexico.human.traffic.drug,He told me he wanted to see his mummy then I started crying and said'I do n't think you're ever going to see your mummy again.'
started,said,start,2010.01.13.mexico.human.traffic.drug.tml,2010.01.13.mexico.human.traffic.drug,He told me he wanted to see his mummy then I started crying and said'I do n't think you're ever going to see your mummy again.'
started,wanted,start,2010.01.13.mexico.human.traffic.drug.tml,2010.01.13.mexico.human.traffic.drug,He told me he wanted to see his mummy then I started crying and said'I do n't think you're ever going to see your mummy again.'
crying,told,start,2010.01.13.mexico.human.traffic.drug.tml,2010.01.13.mexico.human.traffic.drug,He told me he wanted to see his mummy then I started crying and said'I do n't think you're ever going to see your mummy again.'
crying,said,start,2010.01.13.mexico.human.traffic.drug.tml,2010.01.13.mexico.human.traffic.drug,He told me he wanted to see his mummy then I started crying and said'I do n't think you're ever going to see your mummy again.'
crying,wanted,start,2010.01.13.mexico.human.traffic.drug.tml,2010.01.13.mexico.human.traffic.drug,He told me he wanted to see his mummy then I started crying and said'I do n't think you're ever going to see your mummy again.'
told,said,start,2010.01.13.mexico.human.traffic.drug.tml,2010.01.13.mexico.human.traffic.drug,He told me he wanted to see his mummy then I started crying and said'I do n't think you're ever going to see your mummy again.'
told,wanted,start,2010.01.13.mexico.human.traffic.drug.tml,2010.01.13.mexico.human.traffic.drug,He told me he wanted to see his mummy then I started crying and said'I do n't think you're ever going to see your mummy again.'
said,wanted,start,2010.01.13.mexico.human.traffic.drug.tml,2010.01.13.mexico.human.traffic.drug,He told me he wanted to see his mummy then I started crying and said'I do n't think you're ever going to see your mummy again.'
want,said,so ,2010.01.13.mexico.human.traffic.drug.tml,2010.01.13.mexico.human.traffic.drug,"I want to tell the story so that in the near future, other girls do n't go through the same, "" Maria said."""
want,said,so that,2010.01.13.mexico.human.traffic.drug.tml,2010.01.13.mexico.human.traffic.drug,"I want to tell the story so that in the near future, other girls do n't go through the same, "" Maria said."""
want,said,so,2010.01.13.mexico.human.traffic.drug.tml,2010.01.13.mexico.human.traffic.drug,"I want to tell the story so that in the near future, other girls do n't go through the same, "" Maria said."""
want,said,so that ,2010.01.13.mexico.human.traffic.drug.tml,2010.01.13.mexico.human.traffic.drug,"I want to tell the story so that in the near future, other girls do n't go through the same, "" Maria said."""
made,make,have,2010.01.13.mexico.human.traffic.drug.tml,2010.01.13.mexico.human.traffic.drug,"If these men are ever found, jail wo n't be enough to make them pay for the way they've made us feel. """
made,feel,have,2010.01.13.mexico.human.traffic.drug.tml,2010.01.13.mexico.human.traffic.drug,"If these men are ever found, jail wo n't be enough to make them pay for the way they've made us feel. """
make,feel,have,2010.01.13.mexico.human.traffic.drug.tml,2010.01.13.mexico.human.traffic.drug,"If these men are ever found, jail wo n't be enough to make them pay for the way they've made us feel. """
made,make,make,2010.01.13.mexico.human.traffic.drug.tml,2010.01.13.mexico.human.traffic.drug,"If these men are ever found, jail wo n't be enough to make them pay for the way they've made us feel. """
made,feel,make,2010.01.13.mexico.human.traffic.drug.tml,2010.01.13.mexico.human.traffic.drug,"If these men are ever found, jail wo n't be enough to make them pay for the way they've made us feel. """
make,feel,make,2010.01.13.mexico.human.traffic.drug.tml,2010.01.13.mexico.human.traffic.drug,"If these men are ever found, jail wo n't be enough to make them pay for the way they've made us feel. """
calling,started,start,2010.01.08.facebook.bra.color.tml,2010.01.08.facebook.bra.color,"A spokeswoman for Facebook said it's not clear where or how the message started, calling it an example of a grass-roots movement beginning on the social networking site."""
calling,said,start,2010.01.08.facebook.bra.color.tml,2010.01.08.facebook.bra.color,"A spokeswoman for Facebook said it's not clear where or how the message started, calling it an example of a grass-roots movement beginning on the social networking site."""
started,said,start,2010.01.08.facebook.bra.color.tml,2010.01.08.facebook.bra.color,"A spokeswoman for Facebook said it's not clear where or how the message started, calling it an example of a grass-roots movement beginning on the social networking site."""
prepared,sent,send,2010.01.12.haiti.earthquake.tml,2010.01.12.haiti.earthquake,"At the Pentagon, the U.S. military said humanitarian aid was being prepared for shipping, but it was not yet clear where or how it would be sent."
prepared,said,send,2010.01.12.haiti.earthquake.tml,2010.01.12.haiti.earthquake,"At the Pentagon, the U.S. military said humanitarian aid was being prepared for shipping, but it was not yet clear where or how it would be sent."
sent,said,send,2010.01.12.haiti.earthquake.tml,2010.01.12.haiti.earthquake,"At the Pentagon, the U.S. military said humanitarian aid was being prepared for shipping, but it was not yet clear where or how it would be sent."
borne,afford,because ,2010.01.07.water.justice.tml,2010.01.07.water.justice,"Every eight seconds, somewhere in the world a child dies from waterborne diseases because the parents cannot afford clean water, according to Maude Barlow, founder of the Blue Planet Project."""
borne,afford,from,2010.01.07.water.justice.tml,2010.01.07.water.justice,"Every eight seconds, somewhere in the world a child dies from waterborne diseases because the parents cannot afford clean water, according to Maude Barlow, founder of the Blue Planet Project."""
borne,afford,because,2010.01.07.water.justice.tml,2010.01.07.water.justice,"Every eight seconds, somewhere in the world a child dies from waterborne diseases because the parents cannot afford clean water, according to Maude Barlow, founder of the Blue Planet Project."""
said,produced,have,2010.01.07.water.justice.tml,2010.01.07.water.justice,""" Some privatization programs have produced positive results "" the U.N. said, "" but the overall record is not encouraging."
counted,said,because ,2010.02.26.census.redistricting.tml,2010.02.26.census.redistricting,The more pressing issue for Prewitt is making sure everyone is counted because he said those who are n't counted will be treated unfairly in the political process and in the allocation of economic benefits.
counted,said,because,2010.02.26.census.redistricting.tml,2010.02.26.census.redistricting,The more pressing issue for Prewitt is making sure everyone is counted because he said those who are n't counted will be treated unfairly in the political process and in the allocation of economic benefits.
counted,said,make,2010.02.26.census.redistricting.tml,2010.02.26.census.redistricting,The more pressing issue for Prewitt is making sure everyone is counted because he said those who are n't counted will be treated unfairly in the political process and in the allocation of economic benefits.
adds,said,have,2010.02.26.census.redistricting.tml,2010.02.26.census.redistricting,"The Census Bureau has to follow up with those who do n't send in their forms with additional forms, telephone calls and even in-person visits -- and that adds up, he said."
adds,said,send,2010.02.26.census.redistricting.tml,2010.02.26.census.redistricting,"The Census Bureau has to follow up with those who do n't send in their forms with additional forms, telephone calls and even in-person visits -- and that adds up, he said."
received,said,from,2010.02.07.japan.prius.recall.ft.tml,2010.02.07.japan.prius.recall.ft,"Toyota has announced no recall of these vehicles, however, and said it has not received any complaints about the brakes from consumers."
received,announced,from,2010.02.07.japan.prius.recall.ft.tml,2010.02.07.japan.prius.recall.ft,"Toyota has announced no recall of these vehicles, however, and said it has not received any complaints about the brakes from consumers."
said,announced,from,2010.02.07.japan.prius.recall.ft.tml,2010.02.07.japan.prius.recall.ft,"Toyota has announced no recall of these vehicles, however, and said it has not received any complaints about the brakes from consumers."
received,said,have,2010.02.07.japan.prius.recall.ft.tml,2010.02.07.japan.prius.recall.ft,"Toyota has announced no recall of these vehicles, however, and said it has not received any complaints about the brakes from consumers."
received,announced,have,2010.02.07.japan.prius.recall.ft.tml,2010.02.07.japan.prius.recall.ft,"Toyota has announced no recall of these vehicles, however, and said it has not received any complaints about the brakes from consumers."
said,announced,have,2010.02.07.japan.prius.recall.ft.tml,2010.02.07.japan.prius.recall.ft,"Toyota has announced no recall of these vehicles, however, and said it has not received any complaints about the brakes from consumers."
built,fix,by ,2010.02.07.japan.prius.recall.ft.tml,2010.02.07.japan.prius.recall.ft,"The Prius, which is built in Japan, is not one of the eight models affected by two recent recalls -- covering several million vehicles -- to fix problems with sticking gas pedals."
built,covering,by ,2010.02.07.japan.prius.recall.ft.tml,2010.02.07.japan.prius.recall.ft,"The Prius, which is built in Japan, is not one of the eight models affected by two recent recalls -- covering several million vehicles -- to fix problems with sticking gas pedals."
built,affected,by ,2010.02.07.japan.prius.recall.ft.tml,2010.02.07.japan.prius.recall.ft,"The Prius, which is built in Japan, is not one of the eight models affected by two recent recalls -- covering several million vehicles -- to fix problems with sticking gas pedals."
fix,covering,by ,2010.02.07.japan.prius.recall.ft.tml,2010.02.07.japan.prius.recall.ft,"The Prius, which is built in Japan, is not one of the eight models affected by two recent recalls -- covering several million vehicles -- to fix problems with sticking gas pedals."
fix,affected,by ,2010.02.07.japan.prius.recall.ft.tml,2010.02.07.japan.prius.recall.ft,"The Prius, which is built in Japan, is not one of the eight models affected by two recent recalls -- covering several million vehicles -- to fix problems with sticking gas pedals."
covering,affected,by ,2010.02.07.japan.prius.recall.ft.tml,2010.02.07.japan.prius.recall.ft,"The Prius, which is built in Japan, is not one of the eight models affected by two recent recalls -- covering several million vehicles -- to fix problems with sticking gas pedals."
built,fix,by,2010.02.07.japan.prius.recall.ft.tml,2010.02.07.japan.prius.recall.ft,"The Prius, which is built in Japan, is not one of the eight models affected by two recent recalls -- covering several million vehicles -- to fix problems with sticking gas pedals."
built,covering,by,2010.02.07.japan.prius.recall.ft.tml,2010.02.07.japan.prius.recall.ft,"The Prius, which is built in Japan, is not one of the eight models affected by two recent recalls -- covering several million vehicles -- to fix problems with sticking gas pedals."
built,affected,by,2010.02.07.japan.prius.recall.ft.tml,2010.02.07.japan.prius.recall.ft,"The Prius, which is built in Japan, is not one of the eight models affected by two recent recalls -- covering several million vehicles -- to fix problems with sticking gas pedals."
fix,covering,by,2010.02.07.japan.prius.recall.ft.tml,2010.02.07.japan.prius.recall.ft,"The Prius, which is built in Japan, is not one of the eight models affected by two recent recalls -- covering several million vehicles -- to fix problems with sticking gas pedals."
fix,affected,by,2010.02.07.japan.prius.recall.ft.tml,2010.02.07.japan.prius.recall.ft,"The Prius, which is built in Japan, is not one of the eight models affected by two recent recalls -- covering several million vehicles -- to fix problems with sticking gas pedals."
covering,affected,by,2010.02.07.japan.prius.recall.ft.tml,2010.02.07.japan.prius.recall.ft,"The Prius, which is built in Japan, is not one of the eight models affected by two recent recalls -- covering several million vehicles -- to fix problems with sticking gas pedals."
start,said,so ,2010.01.13.haiti.un.mission.tml,2010.01.13.haiti.un.mission,"They're safe, not necessarily all of them but in general reasonably intact so we can kick-start the operations there by the people we already have on the ground, "" Holmes said."""
start,said,by ,2010.01.13.haiti.un.mission.tml,2010.01.13.haiti.un.mission,"They're safe, not necessarily all of them but in general reasonably intact so we can kick-start the operations there by the people we already have on the ground, "" Holmes said."""
start,said,by,2010.01.13.haiti.un.mission.tml,2010.01.13.haiti.un.mission,"They're safe, not necessarily all of them but in general reasonably intact so we can kick-start the operations there by the people we already have on the ground, "" Holmes said."""
start,said,so,2010.01.13.haiti.un.mission.tml,2010.01.13.haiti.un.mission,"They're safe, not necessarily all of them but in general reasonably intact so we can kick-start the operations there by the people we already have on the ground, "" Holmes said."""
start,said,have,2010.01.13.haiti.un.mission.tml,2010.01.13.haiti.un.mission,"They're safe, not necessarily all of them but in general reasonably intact so we can kick-start the operations there by the people we already have on the ground, "" Holmes said."""
start,said,start,2010.01.13.haiti.un.mission.tml,2010.01.13.haiti.un.mission,"They're safe, not necessarily all of them but in general reasonably intact so we can kick-start the operations there by the people we already have on the ground, "" Holmes said."""
intended,criticized,have,2010.03.02.health.care.tml,2010.03.02.health.care,"Republicans have angrily criticized the Democrats' potential use of reconciliation, arguing that the maneuver was never intended to be used for major policy overhauls along the lines of the health care bill."
intended,arguing,have,2010.03.02.health.care.tml,2010.03.02.health.care,"Republicans have angrily criticized the Democrats' potential use of reconciliation, arguing that the maneuver was never intended to be used for major policy overhauls along the lines of the health care bill."
intended,used,have,2010.03.02.health.care.tml,2010.03.02.health.care,"Republicans have angrily criticized the Democrats' potential use of reconciliation, arguing that the maneuver was never intended to be used for major policy overhauls along the lines of the health care bill."
criticized,arguing,have,2010.03.02.health.care.tml,2010.03.02.health.care,"Republicans have angrily criticized the Democrats' potential use of reconciliation, arguing that the maneuver was never intended to be used for major policy overhauls along the lines of the health care bill."
criticized,used,have,2010.03.02.health.care.tml,2010.03.02.health.care,"Republicans have angrily criticized the Democrats' potential use of reconciliation, arguing that the maneuver was never intended to be used for major policy overhauls along the lines of the health care bill."
arguing,used,have,2010.03.02.health.care.tml,2010.03.02.health.care,"Republicans have angrily criticized the Democrats' potential use of reconciliation, arguing that the maneuver was never intended to be used for major policy overhauls along the lines of the health care bill."
pay,went,have,2010.01.07.winter.weather.tml,2010.01.07.winter.weather,"Yesterday alone, the city [ Memphis ] went around to turn on the heat for homes when people have not been able to pay [ their utility bills ]. """
pay,turn,have,2010.01.07.winter.weather.tml,2010.01.07.winter.weather,"Yesterday alone, the city [ Memphis ] went around to turn on the heat for homes when people have not been able to pay [ their utility bills ]. """
went,turn,have,2010.01.07.winter.weather.tml,2010.01.07.winter.weather,"Yesterday alone, the city [ Memphis ] went around to turn on the heat for homes when people have not been able to pay [ their utility bills ]. """
seen,calling,have,2010.01.07.winter.weather.tml,2010.01.07.winter.weather,"CNN meteorologist Chad Myers noted that it was warmer in Fairbanks, Alaska, than it was in Atlanta on Thursday morning, calling the cold front sweeping the nation one that "" we probably have n't seen for 15 years."""
seen,sweeping,have,2010.01.07.winter.weather.tml,2010.01.07.winter.weather,"CNN meteorologist Chad Myers noted that it was warmer in Fairbanks, Alaska, than it was in Atlanta on Thursday morning, calling the cold front sweeping the nation one that "" we probably have n't seen for 15 years."""
seen,noted,have,2010.01.07.winter.weather.tml,2010.01.07.winter.weather,"CNN meteorologist Chad Myers noted that it was warmer in Fairbanks, Alaska, than it was in Atlanta on Thursday morning, calling the cold front sweeping the nation one that "" we probably have n't seen for 15 years."""
calling,sweeping,have,2010.01.07.winter.weather.tml,2010.01.07.winter.weather,"CNN meteorologist Chad Myers noted that it was warmer in Fairbanks, Alaska, than it was in Atlanta on Thursday morning, calling the cold front sweeping the nation one that "" we probably have n't seen for 15 years."""
calling,noted,have,2010.01.07.winter.weather.tml,2010.01.07.winter.weather,"CNN meteorologist Chad Myers noted that it was warmer in Fairbanks, Alaska, than it was in Atlanta on Thursday morning, calling the cold front sweeping the nation one that "" we probably have n't seen for 15 years."""
sweeping,noted,have,2010.01.07.winter.weather.tml,2010.01.07.winter.weather,"CNN meteorologist Chad Myers noted that it was warmer in Fairbanks, Alaska, than it was in Atlanta on Thursday morning, calling the cold front sweeping the nation one that "" we probably have n't seen for 15 years."""
addressed,attempt,have,2010.01.01.iran.moussavi.tml,2010.01.01.iran.moussavi,"Moussavi had addressed anti-government demonstrations Sunday in which at least seven protesters were killed, and warned that reformist sentiments wo n't disappear despite government attempts to silence them."
addressed,killed,have,2010.01.01.iran.moussavi.tml,2010.01.01.iran.moussavi,"Moussavi had addressed anti-government demonstrations Sunday in which at least seven protesters were killed, and warned that reformist sentiments wo n't disappear despite government attempts to silence them."
addressed,warned,have,2010.01.01.iran.moussavi.tml,2010.01.01.iran.moussavi,"Moussavi had addressed anti-government demonstrations Sunday in which at least seven protesters were killed, and warned that reformist sentiments wo n't disappear despite government attempts to silence them."
attempt,killed,have,2010.01.01.iran.moussavi.tml,2010.01.01.iran.moussavi,"Moussavi had addressed anti-government demonstrations Sunday in which at least seven protesters were killed, and warned that reformist sentiments wo n't disappear despite government attempts to silence them."
attempt,warned,have,2010.01.01.iran.moussavi.tml,2010.01.01.iran.moussavi,"Moussavi had addressed anti-government demonstrations Sunday in which at least seven protesters were killed, and warned that reformist sentiments wo n't disappear despite government attempts to silence them."
killed,warned,have,2010.01.01.iran.moussavi.tml,2010.01.01.iran.moussavi,"Moussavi had addressed anti-government demonstrations Sunday in which at least seven protesters were killed, and warned that reformist sentiments wo n't disappear despite government attempts to silence them."
stop,issue,make,2010.01.01.iran.moussavi.tml,2010.01.01.iran.moussavi,"Yours truly and friends are still being told that'If you do n't issue announcements, the people will not take to the streets and will stop demonstrating, making the return of calm and stability possible throughout the country,' "" Moussavi said."""
stop,making,make,2010.01.01.iran.moussavi.tml,2010.01.01.iran.moussavi,"Yours truly and friends are still being told that'If you do n't issue announcements, the people will not take to the streets and will stop demonstrating, making the return of calm and stability possible throughout the country,' "" Moussavi said."""
stop,told,make,2010.01.01.iran.moussavi.tml,2010.01.01.iran.moussavi,"Yours truly and friends are still being told that'If you do n't issue announcements, the people will not take to the streets and will stop demonstrating, making the return of calm and stability possible throughout the country,' "" Moussavi said."""
stop,said,make,2010.01.01.iran.moussavi.tml,2010.01.01.iran.moussavi,"Yours truly and friends are still being told that'If you do n't issue announcements, the people will not take to the streets and will stop demonstrating, making the return of calm and stability possible throughout the country,' "" Moussavi said."""
issue,making,make,2010.01.01.iran.moussavi.tml,2010.01.01.iran.moussavi,"Yours truly and friends are still being told that'If you do n't issue announcements, the people will not take to the streets and will stop demonstrating, making the return of calm and stability possible throughout the country,' "" Moussavi said."""
issue,told,make,2010.01.01.iran.moussavi.tml,2010.01.01.iran.moussavi,"Yours truly and friends are still being told that'If you do n't issue announcements, the people will not take to the streets and will stop demonstrating, making the return of calm and stability possible throughout the country,' "" Moussavi said."""
issue,said,make,2010.01.01.iran.moussavi.tml,2010.01.01.iran.moussavi,"Yours truly and friends are still being told that'If you do n't issue announcements, the people will not take to the streets and will stop demonstrating, making the return of calm and stability possible throughout the country,' "" Moussavi said."""
making,told,make,2010.01.01.iran.moussavi.tml,2010.01.01.iran.moussavi,"Yours truly and friends are still being told that'If you do n't issue announcements, the people will not take to the streets and will stop demonstrating, making the return of calm and stability possible throughout the country,' "" Moussavi said."""
making,said,make,2010.01.01.iran.moussavi.tml,2010.01.01.iran.moussavi,"Yours truly and friends are still being told that'If you do n't issue announcements, the people will not take to the streets and will stop demonstrating, making the return of calm and stability possible throughout the country,' "" Moussavi said."""
told,said,make,2010.01.01.iran.moussavi.tml,2010.01.01.iran.moussavi,"Yours truly and friends are still being told that'If you do n't issue announcements, the people will not take to the streets and will stop demonstrating, making the return of calm and stability possible throughout the country,' "" Moussavi said."""
added,think,from,2010.01.01.iran.moussavi.tml,2010.01.01.iran.moussavi,"I do not agree with these opinions, and I think that until such time that the needed reforms... can be extricated from the constitution... what has been lost will not be restored, "" he added."""
added,extricated,from,2010.01.01.iran.moussavi.tml,2010.01.01.iran.moussavi,"I do not agree with these opinions, and I think that until such time that the needed reforms... can be extricated from the constitution... what has been lost will not be restored, "" he added."""
added,lost,from,2010.01.01.iran.moussavi.tml,2010.01.01.iran.moussavi,"I do not agree with these opinions, and I think that until such time that the needed reforms... can be extricated from the constitution... what has been lost will not be restored, "" he added."""
added,agree,from,2010.01.01.iran.moussavi.tml,2010.01.01.iran.moussavi,"I do not agree with these opinions, and I think that until such time that the needed reforms... can be extricated from the constitution... what has been lost will not be restored, "" he added."""
think,extricated,from,2010.01.01.iran.moussavi.tml,2010.01.01.iran.moussavi,"I do not agree with these opinions, and I think that until such time that the needed reforms... can be extricated from the constitution... what has been lost will not be restored, "" he added."""
think,lost,from,2010.01.01.iran.moussavi.tml,2010.01.01.iran.moussavi,"I do not agree with these opinions, and I think that until such time that the needed reforms... can be extricated from the constitution... what has been lost will not be restored, "" he added."""
think,agree,from,2010.01.01.iran.moussavi.tml,2010.01.01.iran.moussavi,"I do not agree with these opinions, and I think that until such time that the needed reforms... can be extricated from the constitution... what has been lost will not be restored, "" he added."""
extricated,lost,from,2010.01.01.iran.moussavi.tml,2010.01.01.iran.moussavi,"I do not agree with these opinions, and I think that until such time that the needed reforms... can be extricated from the constitution... what has been lost will not be restored, "" he added."""
extricated,agree,from,2010.01.01.iran.moussavi.tml,2010.01.01.iran.moussavi,"I do not agree with these opinions, and I think that until such time that the needed reforms... can be extricated from the constitution... what has been lost will not be restored, "" he added."""
lost,agree,from,2010.01.01.iran.moussavi.tml,2010.01.01.iran.moussavi,"I do not agree with these opinions, and I think that until such time that the needed reforms... can be extricated from the constitution... what has been lost will not be restored, "" he added."""
added,think,have,2010.01.01.iran.moussavi.tml,2010.01.01.iran.moussavi,"I do not agree with these opinions, and I think that until such time that the needed reforms... can be extricated from the constitution... what has been lost will not be restored, "" he added."""
added,extricated,have,2010.01.01.iran.moussavi.tml,2010.01.01.iran.moussavi,"I do not agree with these opinions, and I think that until such time that the needed reforms... can be extricated from the constitution... what has been lost will not be restored, "" he added."""
added,lost,have,2010.01.01.iran.moussavi.tml,2010.01.01.iran.moussavi,"I do not agree with these opinions, and I think that until such time that the needed reforms... can be extricated from the constitution... what has been lost will not be restored, "" he added."""
added,agree,have,2010.01.01.iran.moussavi.tml,2010.01.01.iran.moussavi,"I do not agree with these opinions, and I think that until such time that the needed reforms... can be extricated from the constitution... what has been lost will not be restored, "" he added."""
think,extricated,have,2010.01.01.iran.moussavi.tml,2010.01.01.iran.moussavi,"I do not agree with these opinions, and I think that until such time that the needed reforms... can be extricated from the constitution... what has been lost will not be restored, "" he added."""
think,lost,have,2010.01.01.iran.moussavi.tml,2010.01.01.iran.moussavi,"I do not agree with these opinions, and I think that until such time that the needed reforms... can be extricated from the constitution... what has been lost will not be restored, "" he added."""
think,agree,have,2010.01.01.iran.moussavi.tml,2010.01.01.iran.moussavi,"I do not agree with these opinions, and I think that until such time that the needed reforms... can be extricated from the constitution... what has been lost will not be restored, "" he added."""
extricated,lost,have,2010.01.01.iran.moussavi.tml,2010.01.01.iran.moussavi,"I do not agree with these opinions, and I think that until such time that the needed reforms... can be extricated from the constitution... what has been lost will not be restored, "" he added."""
extricated,agree,have,2010.01.01.iran.moussavi.tml,2010.01.01.iran.moussavi,"I do not agree with these opinions, and I think that until such time that the needed reforms... can be extricated from the constitution... what has been lost will not be restored, "" he added."""
lost,agree,have,2010.01.01.iran.moussavi.tml,2010.01.01.iran.moussavi,"I do not agree with these opinions, and I think that until such time that the needed reforms... can be extricated from the constitution... what has been lost will not be restored, "" he added."""
offered,said,have,2010.01.01.iran.moussavi.tml,2010.01.01.iran.moussavi,"I have no fear of being one of the martyrs that the people of this nation have offered, on the path of reaching their religious and national rights, and my blood will not be any redder than the blood of the other martyrs, "" Moussavi said."""
want,criticized,because ,2010.01.12.turkey.israel.tml,2010.01.12.turkey.israel,"Several senior Israeli Foreign Ministry sources, who did n't want to be named because it would jeopardize their jobs, criticized Ayalon's treatment of Turkish Ambassador Ahmet Oguz Celikkol at the start of their meeting Monday."
want,criticized,because,2010.01.12.turkey.israel.tml,2010.01.12.turkey.israel,"Several senior Israeli Foreign Ministry sources, who did n't want to be named because it would jeopardize their jobs, criticized Ayalon's treatment of Turkish Ambassador Ahmet Oguz Celikkol at the start of their meeting Monday."
want,criticized,start,2010.01.12.turkey.israel.tml,2010.01.12.turkey.israel,"Several senior Israeli Foreign Ministry sources, who did n't want to be named because it would jeopardize their jobs, criticized Ayalon's treatment of Turkish Ambassador Ahmet Oguz Celikkol at the start of their meeting Monday."
believed,acknowledged,have,2010.01.12.turkey.israel.tml,2010.01.12.turkey.israel,"Israel is widely believed to have a nuclear arsenal, but has never acknowledged that publicly."
want,quoted,as ,2010.01.03.japan.jal.airlines.ft.tml,2010.01.03.japan.jal.airlines.ft,"I do n't understand why they want a court-sponsored rehabilitation, "" the Asahi on Sunday quoted him as saying."
want,saying,as ,2010.01.03.japan.jal.airlines.ft.tml,2010.01.03.japan.jal.airlines.ft,"I do n't understand why they want a court-sponsored rehabilitation, "" the Asahi on Sunday quoted him as saying."
quoted,saying,as ,2010.01.03.japan.jal.airlines.ft.tml,2010.01.03.japan.jal.airlines.ft,"I do n't understand why they want a court-sponsored rehabilitation, "" the Asahi on Sunday quoted him as saying."
want,quoted,as,2010.01.03.japan.jal.airlines.ft.tml,2010.01.03.japan.jal.airlines.ft,"I do n't understand why they want a court-sponsored rehabilitation, "" the Asahi on Sunday quoted him as saying."
want,saying,as,2010.01.03.japan.jal.airlines.ft.tml,2010.01.03.japan.jal.airlines.ft,"I do n't understand why they want a court-sponsored rehabilitation, "" the Asahi on Sunday quoted him as saying."
quoted,saying,as,2010.01.03.japan.jal.airlines.ft.tml,2010.01.03.japan.jal.airlines.ft,"I do n't understand why they want a court-sponsored rehabilitation, "" the Asahi on Sunday quoted him as saying."
considered,said,because ,2010.01.12.uk.islamist.group.ban.tml,2010.01.12.uk.islamist.group.ban,"The proscription does not need approval by Parliament, because it is considered an amendment to the act, said the Home Office spokeswoman, who did not give her name in line with policy."""
considered,line,because ,2010.01.12.uk.islamist.group.ban.tml,2010.01.12.uk.islamist.group.ban,"The proscription does not need approval by Parliament, because it is considered an amendment to the act, said the Home Office spokeswoman, who did not give her name in line with policy."""
said,line,because ,2010.01.12.uk.islamist.group.ban.tml,2010.01.12.uk.islamist.group.ban,"The proscription does not need approval by Parliament, because it is considered an amendment to the act, said the Home Office spokeswoman, who did not give her name in line with policy."""
considered,said,by ,2010.01.12.uk.islamist.group.ban.tml,2010.01.12.uk.islamist.group.ban,"The proscription does not need approval by Parliament, because it is considered an amendment to the act, said the Home Office spokeswoman, who did not give her name in line with policy."""
considered,line,by ,2010.01.12.uk.islamist.group.ban.tml,2010.01.12.uk.islamist.group.ban,"The proscription does not need approval by Parliament, because it is considered an amendment to the act, said the Home Office spokeswoman, who did not give her name in line with policy."""
said,line,by ,2010.01.12.uk.islamist.group.ban.tml,2010.01.12.uk.islamist.group.ban,"The proscription does not need approval by Parliament, because it is considered an amendment to the act, said the Home Office spokeswoman, who did not give her name in line with policy."""
considered,said,by,2010.01.12.uk.islamist.group.ban.tml,2010.01.12.uk.islamist.group.ban,"The proscription does not need approval by Parliament, because it is considered an amendment to the act, said the Home Office spokeswoman, who did not give her name in line with policy."""
considered,line,by,2010.01.12.uk.islamist.group.ban.tml,2010.01.12.uk.islamist.group.ban,"The proscription does not need approval by Parliament, because it is considered an amendment to the act, said the Home Office spokeswoman, who did not give her name in line with policy."""
said,line,by,2010.01.12.uk.islamist.group.ban.tml,2010.01.12.uk.islamist.group.ban,"The proscription does not need approval by Parliament, because it is considered an amendment to the act, said the Home Office spokeswoman, who did not give her name in line with policy."""
considered,said,because,2010.01.12.uk.islamist.group.ban.tml,2010.01.12.uk.islamist.group.ban,"The proscription does not need approval by Parliament, because it is considered an amendment to the act, said the Home Office spokeswoman, who did not give her name in line with policy."""
considered,line,because,2010.01.12.uk.islamist.group.ban.tml,2010.01.12.uk.islamist.group.ban,"The proscription does not need approval by Parliament, because it is considered an amendment to the act, said the Home Office spokeswoman, who did not give her name in line with policy."""
said,line,because,2010.01.12.uk.islamist.group.ban.tml,2010.01.12.uk.islamist.group.ban,"The proscription does not need approval by Parliament, because it is considered an amendment to the act, said the Home Office spokeswoman, who did not give her name in line with policy."""
changing,said,by ,2010.01.12.uk.islamist.group.ban.tml,2010.01.12.uk.islamist.group.ban,"We are clear that an organization should not be able to circumvent proscription by simply changing its name, "" Johnson said."
changing,said,by,2010.01.12.uk.islamist.group.ban.tml,2010.01.12.uk.islamist.group.ban,"We are clear that an organization should not be able to circumvent proscription by simply changing its name, "" Johnson said."
told,bans,because ,2010.01.12.uk.islamist.group.ban.tml,2010.01.12.uk.islamist.group.ban,"We're not going to stop because the government bans an organization, "" he told CNN by phone."""
told,bans,by ,2010.01.12.uk.islamist.group.ban.tml,2010.01.12.uk.islamist.group.ban,"We're not going to stop because the government bans an organization, "" he told CNN by phone."""
told,bans,by,2010.01.12.uk.islamist.group.ban.tml,2010.01.12.uk.islamist.group.ban,"We're not going to stop because the government bans an organization, "" he told CNN by phone."""
told,bans,because,2010.01.12.uk.islamist.group.ban.tml,2010.01.12.uk.islamist.group.ban,"We're not going to stop because the government bans an organization, "" he told CNN by phone."""
said,banned,by ,2010.01.12.uk.islamist.group.ban.tml,2010.01.12.uk.islamist.group.ban,"The Home Office had said the march would be illegal if the group were banned, but the decision to proscribe the group was not caused only by its plans for the march, the Home Office said."
said,banned,by,2010.01.12.uk.islamist.group.ban.tml,2010.01.12.uk.islamist.group.ban,"The Home Office had said the march would be illegal if the group were banned, but the decision to proscribe the group was not caused only by its plans for the march, the Home Office said."
said,banned,have,2010.01.12.uk.islamist.group.ban.tml,2010.01.12.uk.islamist.group.ban,"The Home Office had said the march would be illegal if the group were banned, but the decision to proscribe the group was not caused only by its plans for the march, the Home Office said."
said,banned,cause,2010.01.12.uk.islamist.group.ban.tml,2010.01.12.uk.islamist.group.ban,"The Home Office had said the march would be illegal if the group were banned, but the decision to proscribe the group was not caused only by its plans for the march, the Home Office said."
required,contacted,as ,2010.01.12.uk.islamist.group.ban.tml,2010.01.12.uk.islamist.group.ban,"Choudary has never announced a date for his march and area police said he had not contacted them about it, as march organizers are required to do beforehand."
required,said,as ,2010.01.12.uk.islamist.group.ban.tml,2010.01.12.uk.islamist.group.ban,"Choudary has never announced a date for his march and area police said he had not contacted them about it, as march organizers are required to do beforehand."
required,announced,as ,2010.01.12.uk.islamist.group.ban.tml,2010.01.12.uk.islamist.group.ban,"Choudary has never announced a date for his march and area police said he had not contacted them about it, as march organizers are required to do beforehand."
contacted,said,as ,2010.01.12.uk.islamist.group.ban.tml,2010.01.12.uk.islamist.group.ban,"Choudary has never announced a date for his march and area police said he had not contacted them about it, as march organizers are required to do beforehand."
contacted,announced,as ,2010.01.12.uk.islamist.group.ban.tml,2010.01.12.uk.islamist.group.ban,"Choudary has never announced a date for his march and area police said he had not contacted them about it, as march organizers are required to do beforehand."
said,announced,as ,2010.01.12.uk.islamist.group.ban.tml,2010.01.12.uk.islamist.group.ban,"Choudary has never announced a date for his march and area police said he had not contacted them about it, as march organizers are required to do beforehand."
required,contacted,as,2010.01.12.uk.islamist.group.ban.tml,2010.01.12.uk.islamist.group.ban,"Choudary has never announced a date for his march and area police said he had not contacted them about it, as march organizers are required to do beforehand."
required,said,as,2010.01.12.uk.islamist.group.ban.tml,2010.01.12.uk.islamist.group.ban,"Choudary has never announced a date for his march and area police said he had not contacted them about it, as march organizers are required to do beforehand."
required,announced,as,2010.01.12.uk.islamist.group.ban.tml,2010.01.12.uk.islamist.group.ban,"Choudary has never announced a date for his march and area police said he had not contacted them about it, as march organizers are required to do beforehand."
contacted,said,as,2010.01.12.uk.islamist.group.ban.tml,2010.01.12.uk.islamist.group.ban,"Choudary has never announced a date for his march and area police said he had not contacted them about it, as march organizers are required to do beforehand."
contacted,announced,as,2010.01.12.uk.islamist.group.ban.tml,2010.01.12.uk.islamist.group.ban,"Choudary has never announced a date for his march and area police said he had not contacted them about it, as march organizers are required to do beforehand."
said,announced,as,2010.01.12.uk.islamist.group.ban.tml,2010.01.12.uk.islamist.group.ban,"Choudary has never announced a date for his march and area police said he had not contacted them about it, as march organizers are required to do beforehand."
required,contacted,have,2010.01.12.uk.islamist.group.ban.tml,2010.01.12.uk.islamist.group.ban,"Choudary has never announced a date for his march and area police said he had not contacted them about it, as march organizers are required to do beforehand."
required,said,have,2010.01.12.uk.islamist.group.ban.tml,2010.01.12.uk.islamist.group.ban,"Choudary has never announced a date for his march and area police said he had not contacted them about it, as march organizers are required to do beforehand."
required,announced,have,2010.01.12.uk.islamist.group.ban.tml,2010.01.12.uk.islamist.group.ban,"Choudary has never announced a date for his march and area police said he had not contacted them about it, as march organizers are required to do beforehand."
contacted,said,have,2010.01.12.uk.islamist.group.ban.tml,2010.01.12.uk.islamist.group.ban,"Choudary has never announced a date for his march and area police said he had not contacted them about it, as march organizers are required to do beforehand."
contacted,announced,have,2010.01.12.uk.islamist.group.ban.tml,2010.01.12.uk.islamist.group.ban,"Choudary has never announced a date for his march and area police said he had not contacted them about it, as march organizers are required to do beforehand."
said,announced,have,2010.01.12.uk.islamist.group.ban.tml,2010.01.12.uk.islamist.group.ban,"Choudary has never announced a date for his march and area police said he had not contacted them about it, as march organizers are required to do beforehand."
escaped,identified,as ,2010.03.17.france.eta.policeman.tml,2010.03.17.france.eta.policeman,"Most of them escaped but police captured one and he was later identified as a suspected ETA member, said the spokeswoman, who by custom is not identified."
escaped,captured,as ,2010.03.17.france.eta.policeman.tml,2010.03.17.france.eta.policeman,"Most of them escaped but police captured one and he was later identified as a suspected ETA member, said the spokeswoman, who by custom is not identified."
escaped,said,as ,2010.03.17.france.eta.policeman.tml,2010.03.17.france.eta.policeman,"Most of them escaped but police captured one and he was later identified as a suspected ETA member, said the spokeswoman, who by custom is not identified."
identified,captured,as ,2010.03.17.france.eta.policeman.tml,2010.03.17.france.eta.policeman,"Most of them escaped but police captured one and he was later identified as a suspected ETA member, said the spokeswoman, who by custom is not identified."
identified,said,as ,2010.03.17.france.eta.policeman.tml,2010.03.17.france.eta.policeman,"Most of them escaped but police captured one and he was later identified as a suspected ETA member, said the spokeswoman, who by custom is not identified."
captured,said,as ,2010.03.17.france.eta.policeman.tml,2010.03.17.france.eta.policeman,"Most of them escaped but police captured one and he was later identified as a suspected ETA member, said the spokeswoman, who by custom is not identified."
escaped,identified,as,2010.03.17.france.eta.policeman.tml,2010.03.17.france.eta.policeman,"Most of them escaped but police captured one and he was later identified as a suspected ETA member, said the spokeswoman, who by custom is not identified."
escaped,captured,as,2010.03.17.france.eta.policeman.tml,2010.03.17.france.eta.policeman,"Most of them escaped but police captured one and he was later identified as a suspected ETA member, said the spokeswoman, who by custom is not identified."
escaped,said,as,2010.03.17.france.eta.policeman.tml,2010.03.17.france.eta.policeman,"Most of them escaped but police captured one and he was later identified as a suspected ETA member, said the spokeswoman, who by custom is not identified."
identified,captured,as,2010.03.17.france.eta.policeman.tml,2010.03.17.france.eta.policeman,"Most of them escaped but police captured one and he was later identified as a suspected ETA member, said the spokeswoman, who by custom is not identified."
identified,said,as,2010.03.17.france.eta.policeman.tml,2010.03.17.france.eta.policeman,"Most of them escaped but police captured one and he was later identified as a suspected ETA member, said the spokeswoman, who by custom is not identified."
captured,said,as,2010.03.17.france.eta.policeman.tml,2010.03.17.france.eta.policeman,"Most of them escaped but police captured one and he was later identified as a suspected ETA member, said the spokeswoman, who by custom is not identified."
escaped,identified,by ,2010.03.17.france.eta.policeman.tml,2010.03.17.france.eta.policeman,"Most of them escaped but police captured one and he was later identified as a suspected ETA member, said the spokeswoman, who by custom is not identified."
escaped,captured,by ,2010.03.17.france.eta.policeman.tml,2010.03.17.france.eta.policeman,"Most of them escaped but police captured one and he was later identified as a suspected ETA member, said the spokeswoman, who by custom is not identified."
escaped,said,by ,2010.03.17.france.eta.policeman.tml,2010.03.17.france.eta.policeman,"Most of them escaped but police captured one and he was later identified as a suspected ETA member, said the spokeswoman, who by custom is not identified."
identified,captured,by ,2010.03.17.france.eta.policeman.tml,2010.03.17.france.eta.policeman,"Most of them escaped but police captured one and he was later identified as a suspected ETA member, said the spokeswoman, who by custom is not identified."
identified,said,by ,2010.03.17.france.eta.policeman.tml,2010.03.17.france.eta.policeman,"Most of them escaped but police captured one and he was later identified as a suspected ETA member, said the spokeswoman, who by custom is not identified."
captured,said,by ,2010.03.17.france.eta.policeman.tml,2010.03.17.france.eta.policeman,"Most of them escaped but police captured one and he was later identified as a suspected ETA member, said the spokeswoman, who by custom is not identified."
escaped,identified,by,2010.03.17.france.eta.policeman.tml,2010.03.17.france.eta.policeman,"Most of them escaped but police captured one and he was later identified as a suspected ETA member, said the spokeswoman, who by custom is not identified."
escaped,captured,by,2010.03.17.france.eta.policeman.tml,2010.03.17.france.eta.policeman,"Most of them escaped but police captured one and he was later identified as a suspected ETA member, said the spokeswoman, who by custom is not identified."
escaped,said,by,2010.03.17.france.eta.policeman.tml,2010.03.17.france.eta.policeman,"Most of them escaped but police captured one and he was later identified as a suspected ETA member, said the spokeswoman, who by custom is not identified."
identified,captured,by,2010.03.17.france.eta.policeman.tml,2010.03.17.france.eta.policeman,"Most of them escaped but police captured one and he was later identified as a suspected ETA member, said the spokeswoman, who by custom is not identified."
identified,said,by,2010.03.17.france.eta.policeman.tml,2010.03.17.france.eta.policeman,"Most of them escaped but police captured one and he was later identified as a suspected ETA member, said the spokeswoman, who by custom is not identified."
captured,said,by,2010.03.17.france.eta.policeman.tml,2010.03.17.france.eta.policeman,"Most of them escaped but police captured one and he was later identified as a suspected ETA member, said the spokeswoman, who by custom is not identified."
established,decided,because ,2010.03.17.france.eta.policeman.tml,2010.03.17.france.eta.policeman,"We have established a close cooperation with Spanish authorities, and we decided to strike, and strike hard because France does n't have to welcome terrorists. """
established,strike,because ,2010.03.17.france.eta.policeman.tml,2010.03.17.france.eta.policeman,"We have established a close cooperation with Spanish authorities, and we decided to strike, and strike hard because France does n't have to welcome terrorists. """
decided,strike,because ,2010.03.17.france.eta.policeman.tml,2010.03.17.france.eta.policeman,"We have established a close cooperation with Spanish authorities, and we decided to strike, and strike hard because France does n't have to welcome terrorists. """
established,decided,because,2010.03.17.france.eta.policeman.tml,2010.03.17.france.eta.policeman,"We have established a close cooperation with Spanish authorities, and we decided to strike, and strike hard because France does n't have to welcome terrorists. """
established,strike,because,2010.03.17.france.eta.policeman.tml,2010.03.17.france.eta.policeman,"We have established a close cooperation with Spanish authorities, and we decided to strike, and strike hard because France does n't have to welcome terrorists. """
decided,strike,because,2010.03.17.france.eta.policeman.tml,2010.03.17.france.eta.policeman,"We have established a close cooperation with Spanish authorities, and we decided to strike, and strike hard because France does n't have to welcome terrorists. """
established,decided,have,2010.03.17.france.eta.policeman.tml,2010.03.17.france.eta.policeman,"We have established a close cooperation with Spanish authorities, and we decided to strike, and strike hard because France does n't have to welcome terrorists. """
established,strike,have,2010.03.17.france.eta.policeman.tml,2010.03.17.france.eta.policeman,"We have established a close cooperation with Spanish authorities, and we decided to strike, and strike hard because France does n't have to welcome terrorists. """
decided,strike,have,2010.03.17.france.eta.policeman.tml,2010.03.17.france.eta.policeman,"We have established a close cooperation with Spanish authorities, and we decided to strike, and strike hard because France does n't have to welcome terrorists. """
involved,accused,have,2010.01.13.google.china.exit.tml,2010.01.13.google.china.exit,Google has not directly accused the Chinese government of being involved in the cyber attacks.
accusing,hosted,from,2010.01.13.google.china.exit.tml,2010.01.13.google.china.exit,"Jeremy Goldkorn, China Internet analyst and founder of Danwei.org, said : "" Google has been subject to an inordinate amount of harassment in China over the past year, ranging from blocking and interruption of services like Google Documents and G-mail that are not hosted in China, to state-owned broadcaster CCTV accusing [ Google ] of being propagators of pornography. """
accusing,said,from,2010.01.13.google.china.exit.tml,2010.01.13.google.china.exit,"Jeremy Goldkorn, China Internet analyst and founder of Danwei.org, said : "" Google has been subject to an inordinate amount of harassment in China over the past year, ranging from blocking and interruption of services like Google Documents and G-mail that are not hosted in China, to state-owned broadcaster CCTV accusing [ Google ] of being propagators of pornography. """
accusing,ranging,from,2010.01.13.google.china.exit.tml,2010.01.13.google.china.exit,"Jeremy Goldkorn, China Internet analyst and founder of Danwei.org, said : "" Google has been subject to an inordinate amount of harassment in China over the past year, ranging from blocking and interruption of services like Google Documents and G-mail that are not hosted in China, to state-owned broadcaster CCTV accusing [ Google ] of being propagators of pornography. """
hosted,said,from,2010.01.13.google.china.exit.tml,2010.01.13.google.china.exit,"Jeremy Goldkorn, China Internet analyst and founder of Danwei.org, said : "" Google has been subject to an inordinate amount of harassment in China over the past year, ranging from blocking and interruption of services like Google Documents and G-mail that are not hosted in China, to state-owned broadcaster CCTV accusing [ Google ] of being propagators of pornography. """
hosted,ranging,from,2010.01.13.google.china.exit.tml,2010.01.13.google.china.exit,"Jeremy Goldkorn, China Internet analyst and founder of Danwei.org, said : "" Google has been subject to an inordinate amount of harassment in China over the past year, ranging from blocking and interruption of services like Google Documents and G-mail that are not hosted in China, to state-owned broadcaster CCTV accusing [ Google ] of being propagators of pornography. """
said,ranging,from,2010.01.13.google.china.exit.tml,2010.01.13.google.china.exit,"Jeremy Goldkorn, China Internet analyst and founder of Danwei.org, said : "" Google has been subject to an inordinate amount of harassment in China over the past year, ranging from blocking and interruption of services like Google Documents and G-mail that are not hosted in China, to state-owned broadcaster CCTV accusing [ Google ] of being propagators of pornography. """
accusing,hosted,have,2010.01.13.google.china.exit.tml,2010.01.13.google.china.exit,"Jeremy Goldkorn, China Internet analyst and founder of Danwei.org, said : "" Google has been subject to an inordinate amount of harassment in China over the past year, ranging from blocking and interruption of services like Google Documents and G-mail that are not hosted in China, to state-owned broadcaster CCTV accusing [ Google ] of being propagators of pornography. """
accusing,said,have,2010.01.13.google.china.exit.tml,2010.01.13.google.china.exit,"Jeremy Goldkorn, China Internet analyst and founder of Danwei.org, said : "" Google has been subject to an inordinate amount of harassment in China over the past year, ranging from blocking and interruption of services like Google Documents and G-mail that are not hosted in China, to state-owned broadcaster CCTV accusing [ Google ] of being propagators of pornography. """
accusing,ranging,have,2010.01.13.google.china.exit.tml,2010.01.13.google.china.exit,"Jeremy Goldkorn, China Internet analyst and founder of Danwei.org, said : "" Google has been subject to an inordinate amount of harassment in China over the past year, ranging from blocking and interruption of services like Google Documents and G-mail that are not hosted in China, to state-owned broadcaster CCTV accusing [ Google ] of being propagators of pornography. """
hosted,said,have,2010.01.13.google.china.exit.tml,2010.01.13.google.china.exit,"Jeremy Goldkorn, China Internet analyst and founder of Danwei.org, said : "" Google has been subject to an inordinate amount of harassment in China over the past year, ranging from blocking and interruption of services like Google Documents and G-mail that are not hosted in China, to state-owned broadcaster CCTV accusing [ Google ] of being propagators of pornography. """
hosted,ranging,have,2010.01.13.google.china.exit.tml,2010.01.13.google.china.exit,"Jeremy Goldkorn, China Internet analyst and founder of Danwei.org, said : "" Google has been subject to an inordinate amount of harassment in China over the past year, ranging from blocking and interruption of services like Google Documents and G-mail that are not hosted in China, to state-owned broadcaster CCTV accusing [ Google ] of being propagators of pornography. """
said,ranging,have,2010.01.13.google.china.exit.tml,2010.01.13.google.china.exit,"Jeremy Goldkorn, China Internet analyst and founder of Danwei.org, said : "" Google has been subject to an inordinate amount of harassment in China over the past year, ranging from blocking and interruption of services like Google Documents and G-mail that are not hosted in China, to state-owned broadcaster CCTV accusing [ Google ] of being propagators of pornography. """
think,saying,by ,2010.01.13.google.china.exit.tml,2010.01.13.google.china.exit,"He adds : "" The last six months have seen a huge increase of censorship on domestic sites and a noticeable attitude by the Chinese government saying they do n't really care what foreigners think."""
think,seen,by ,2010.01.13.google.china.exit.tml,2010.01.13.google.china.exit,"He adds : "" The last six months have seen a huge increase of censorship on domestic sites and a noticeable attitude by the Chinese government saying they do n't really care what foreigners think."""
think,adds,by ,2010.01.13.google.china.exit.tml,2010.01.13.google.china.exit,"He adds : "" The last six months have seen a huge increase of censorship on domestic sites and a noticeable attitude by the Chinese government saying they do n't really care what foreigners think."""
think,care,by ,2010.01.13.google.china.exit.tml,2010.01.13.google.china.exit,"He adds : "" The last six months have seen a huge increase of censorship on domestic sites and a noticeable attitude by the Chinese government saying they do n't really care what foreigners think."""
saying,seen,by ,2010.01.13.google.china.exit.tml,2010.01.13.google.china.exit,"He adds : "" The last six months have seen a huge increase of censorship on domestic sites and a noticeable attitude by the Chinese government saying they do n't really care what foreigners think."""
saying,adds,by ,2010.01.13.google.china.exit.tml,2010.01.13.google.china.exit,"He adds : "" The last six months have seen a huge increase of censorship on domestic sites and a noticeable attitude by the Chinese government saying they do n't really care what foreigners think."""
saying,care,by ,2010.01.13.google.china.exit.tml,2010.01.13.google.china.exit,"He adds : "" The last six months have seen a huge increase of censorship on domestic sites and a noticeable attitude by the Chinese government saying they do n't really care what foreigners think."""
seen,adds,by ,2010.01.13.google.china.exit.tml,2010.01.13.google.china.exit,"He adds : "" The last six months have seen a huge increase of censorship on domestic sites and a noticeable attitude by the Chinese government saying they do n't really care what foreigners think."""
seen,care,by ,2010.01.13.google.china.exit.tml,2010.01.13.google.china.exit,"He adds : "" The last six months have seen a huge increase of censorship on domestic sites and a noticeable attitude by the Chinese government saying they do n't really care what foreigners think."""
adds,care,by ,2010.01.13.google.china.exit.tml,2010.01.13.google.china.exit,"He adds : "" The last six months have seen a huge increase of censorship on domestic sites and a noticeable attitude by the Chinese government saying they do n't really care what foreigners think."""
think,saying,by,2010.01.13.google.china.exit.tml,2010.01.13.google.china.exit,"He adds : "" The last six months have seen a huge increase of censorship on domestic sites and a noticeable attitude by the Chinese government saying they do n't really care what foreigners think."""
think,seen,by,2010.01.13.google.china.exit.tml,2010.01.13.google.china.exit,"He adds : "" The last six months have seen a huge increase of censorship on domestic sites and a noticeable attitude by the Chinese government saying they do n't really care what foreigners think."""
think,adds,by,2010.01.13.google.china.exit.tml,2010.01.13.google.china.exit,"He adds : "" The last six months have seen a huge increase of censorship on domestic sites and a noticeable attitude by the Chinese government saying they do n't really care what foreigners think."""
think,care,by,2010.01.13.google.china.exit.tml,2010.01.13.google.china.exit,"He adds : "" The last six months have seen a huge increase of censorship on domestic sites and a noticeable attitude by the Chinese government saying they do n't really care what foreigners think."""
saying,seen,by,2010.01.13.google.china.exit.tml,2010.01.13.google.china.exit,"He adds : "" The last six months have seen a huge increase of censorship on domestic sites and a noticeable attitude by the Chinese government saying they do n't really care what foreigners think."""
saying,adds,by,2010.01.13.google.china.exit.tml,2010.01.13.google.china.exit,"He adds : "" The last six months have seen a huge increase of censorship on domestic sites and a noticeable attitude by the Chinese government saying they do n't really care what foreigners think."""
saying,care,by,2010.01.13.google.china.exit.tml,2010.01.13.google.china.exit,"He adds : "" The last six months have seen a huge increase of censorship on domestic sites and a noticeable attitude by the Chinese government saying they do n't really care what foreigners think."""
seen,adds,by,2010.01.13.google.china.exit.tml,2010.01.13.google.china.exit,"He adds : "" The last six months have seen a huge increase of censorship on domestic sites and a noticeable attitude by the Chinese government saying they do n't really care what foreigners think."""
seen,care,by,2010.01.13.google.china.exit.tml,2010.01.13.google.china.exit,"He adds : "" The last six months have seen a huge increase of censorship on domestic sites and a noticeable attitude by the Chinese government saying they do n't really care what foreigners think."""
adds,care,by,2010.01.13.google.china.exit.tml,2010.01.13.google.china.exit,"He adds : "" The last six months have seen a huge increase of censorship on domestic sites and a noticeable attitude by the Chinese government saying they do n't really care what foreigners think."""
think,saying,have,2010.01.13.google.china.exit.tml,2010.01.13.google.china.exit,"He adds : "" The last six months have seen a huge increase of censorship on domestic sites and a noticeable attitude by the Chinese government saying they do n't really care what foreigners think."""
think,seen,have,2010.01.13.google.china.exit.tml,2010.01.13.google.china.exit,"He adds : "" The last six months have seen a huge increase of censorship on domestic sites and a noticeable attitude by the Chinese government saying they do n't really care what foreigners think."""
think,adds,have,2010.01.13.google.china.exit.tml,2010.01.13.google.china.exit,"He adds : "" The last six months have seen a huge increase of censorship on domestic sites and a noticeable attitude by the Chinese government saying they do n't really care what foreigners think."""
think,care,have,2010.01.13.google.china.exit.tml,2010.01.13.google.china.exit,"He adds : "" The last six months have seen a huge increase of censorship on domestic sites and a noticeable attitude by the Chinese government saying they do n't really care what foreigners think."""
saying,seen,have,2010.01.13.google.china.exit.tml,2010.01.13.google.china.exit,"He adds : "" The last six months have seen a huge increase of censorship on domestic sites and a noticeable attitude by the Chinese government saying they do n't really care what foreigners think."""
saying,adds,have,2010.01.13.google.china.exit.tml,2010.01.13.google.china.exit,"He adds : "" The last six months have seen a huge increase of censorship on domestic sites and a noticeable attitude by the Chinese government saying they do n't really care what foreigners think."""
saying,care,have,2010.01.13.google.china.exit.tml,2010.01.13.google.china.exit,"He adds : "" The last six months have seen a huge increase of censorship on domestic sites and a noticeable attitude by the Chinese government saying they do n't really care what foreigners think."""
seen,adds,have,2010.01.13.google.china.exit.tml,2010.01.13.google.china.exit,"He adds : "" The last six months have seen a huge increase of censorship on domestic sites and a noticeable attitude by the Chinese government saying they do n't really care what foreigners think."""
seen,care,have,2010.01.13.google.china.exit.tml,2010.01.13.google.china.exit,"He adds : "" The last six months have seen a huge increase of censorship on domestic sites and a noticeable attitude by the Chinese government saying they do n't really care what foreigners think."""
adds,care,have,2010.01.13.google.china.exit.tml,2010.01.13.google.china.exit,"He adds : "" The last six months have seen a huge increase of censorship on domestic sites and a noticeable attitude by the Chinese government saying they do n't really care what foreigners think."""
imagine,be'Well,get,2010.01.13.google.china.exit.tml,2010.01.13.google.china.exit,"I imagine the Chinese government's reaction is going to be'Well, if you do n't like our laws, get lost.'"
imagine,lost,get,2010.01.13.google.china.exit.tml,2010.01.13.google.china.exit,"I imagine the Chinese government's reaction is going to be'Well, if you do n't like our laws, get lost.'"
be'Well,lost,get,2010.01.13.google.china.exit.tml,2010.01.13.google.china.exit,"I imagine the Chinese government's reaction is going to be'Well, if you do n't like our laws, get lost.'"
drew,Known,as ,2010.01.13.google.china.exit.tml,2010.01.13.google.china.exit,"Known for its slogan "" do n't do evil, "" Google's new position drew praise from supporters of free speech, who in the past have been critical of the search engine for agreeing to government censorship as a condition for opening its doors in China."""
drew,agreeing,as ,2010.01.13.google.china.exit.tml,2010.01.13.google.china.exit,"Known for its slogan "" do n't do evil, "" Google's new position drew praise from supporters of free speech, who in the past have been critical of the search engine for agreeing to government censorship as a condition for opening its doors in China."""
Known,agreeing,as ,2010.01.13.google.china.exit.tml,2010.01.13.google.china.exit,"Known for its slogan "" do n't do evil, "" Google's new position drew praise from supporters of free speech, who in the past have been critical of the search engine for agreeing to government censorship as a condition for opening its doors in China."""
drew,Known,as,2010.01.13.google.china.exit.tml,2010.01.13.google.china.exit,"Known for its slogan "" do n't do evil, "" Google's new position drew praise from supporters of free speech, who in the past have been critical of the search engine for agreeing to government censorship as a condition for opening its doors in China."""
drew,agreeing,as,2010.01.13.google.china.exit.tml,2010.01.13.google.china.exit,"Known for its slogan "" do n't do evil, "" Google's new position drew praise from supporters of free speech, who in the past have been critical of the search engine for agreeing to government censorship as a condition for opening its doors in China."""
Known,agreeing,as,2010.01.13.google.china.exit.tml,2010.01.13.google.china.exit,"Known for its slogan "" do n't do evil, "" Google's new position drew praise from supporters of free speech, who in the past have been critical of the search engine for agreeing to government censorship as a condition for opening its doors in China."""
drew,Known,from,2010.01.13.google.china.exit.tml,2010.01.13.google.china.exit,"Known for its slogan "" do n't do evil, "" Google's new position drew praise from supporters of free speech, who in the past have been critical of the search engine for agreeing to government censorship as a condition for opening its doors in China."""
drew,agreeing,from,2010.01.13.google.china.exit.tml,2010.01.13.google.china.exit,"Known for its slogan "" do n't do evil, "" Google's new position drew praise from supporters of free speech, who in the past have been critical of the search engine for agreeing to government censorship as a condition for opening its doors in China."""
Known,agreeing,from,2010.01.13.google.china.exit.tml,2010.01.13.google.china.exit,"Known for its slogan "" do n't do evil, "" Google's new position drew praise from supporters of free speech, who in the past have been critical of the search engine for agreeing to government censorship as a condition for opening its doors in China."""
drew,Known,have,2010.01.13.google.china.exit.tml,2010.01.13.google.china.exit,"Known for its slogan "" do n't do evil, "" Google's new position drew praise from supporters of free speech, who in the past have been critical of the search engine for agreeing to government censorship as a condition for opening its doors in China."""
drew,agreeing,have,2010.01.13.google.china.exit.tml,2010.01.13.google.china.exit,"Known for its slogan "" do n't do evil, "" Google's new position drew praise from supporters of free speech, who in the past have been critical of the search engine for agreeing to government censorship as a condition for opening its doors in China."""
Known,agreeing,have,2010.01.13.google.china.exit.tml,2010.01.13.google.china.exit,"Known for its slogan "" do n't do evil, "" Google's new position drew praise from supporters of free speech, who in the past have been critical of the search engine for agreeing to government censorship as a condition for opening its doors in China."""
getting,get,as ,2010.03.23.how.get.headhunted.tml,2010.03.23.how.get.headhunted,"But networking is n't about getting to know as many people as possible, it's about getting to know the right people."
getting,know,as ,2010.03.23.how.get.headhunted.tml,2010.03.23.how.get.headhunted,"But networking is n't about getting to know as many people as possible, it's about getting to know the right people."
get,know,as ,2010.03.23.how.get.headhunted.tml,2010.03.23.how.get.headhunted,"But networking is n't about getting to know as many people as possible, it's about getting to know the right people."
getting,get,as,2010.03.23.how.get.headhunted.tml,2010.03.23.how.get.headhunted,"But networking is n't about getting to know as many people as possible, it's about getting to know the right people."
getting,know,as,2010.03.23.how.get.headhunted.tml,2010.03.23.how.get.headhunted,"But networking is n't about getting to know as many people as possible, it's about getting to know the right people."
get,know,as,2010.03.23.how.get.headhunted.tml,2010.03.23.how.get.headhunted,"But networking is n't about getting to know as many people as possible, it's about getting to know the right people."
getting,get,get,2010.03.23.how.get.headhunted.tml,2010.03.23.how.get.headhunted,"But networking is n't about getting to know as many people as possible, it's about getting to know the right people."
getting,know,get,2010.03.23.how.get.headhunted.tml,2010.03.23.how.get.headhunted,"But networking is n't about getting to know as many people as possible, it's about getting to know the right people."
get,know,get,2010.03.23.how.get.headhunted.tml,2010.03.23.how.get.headhunted,"But networking is n't about getting to know as many people as possible, it's about getting to know the right people."
get,make,make,2010.03.23.how.get.headhunted.tml,2010.03.23.how.get.headhunted,"Seminars and conferences are good places to make new contacts, but do n't forget to develop a network within your own company."
start,said,start,2010.03.23.how.get.headhunted.tml,2010.03.23.how.get.headhunted,"Do n't wait until you're looking for a new job "" It's important that executives should start to build relationships with executive search firms not just when they're looking for a job, "" said Ispahani."""
